run_id,seed,gait_from,gait_from_name,gait_to,gait_to_name,vx_cmd,vy_cmd,wz_cmd,survived,survival_steps,survival_time_s,termination_reason,pre_mean_height,pre_mean_vx_error,pre_mean_contact_acc,trans_min_height,trans_max_vx_error,trans_max_roll,height_recovery_steps,vel_recovery_steps,post_mean_height,post_mean_vx_error,post_mean_contact_acc,post_mean_torque_norm,wall_time_s
0,0,0,bound,1,trot,0.0,0.0,0.0,True,1000,10.0,timeout,0.346,0.2472,0.9175,0.3233,0.4661,0.0553,0,34,0.3468,0.1893,0.9375,19.6787,1.055
1,1,0,bound,1,trot,0.0,0.0,0.0,True,1000,10.0,timeout,0.3485,0.2348,0.9075,0.317,0.4752,0.0491,0,1000,0.3467,0.1882,0.9375,19.7314,0.97
2,2,0,bound,1,trot,0.0,0.0,0.0,True,1000,10.0,timeout,0.3481,0.2201,0.91,0.319,0.4593,0.059,0,1000,0.3468,0.1892,0.9375,19.6762,1.005
3,3,0,bound,1,trot,0.0,0.0,0.0,True,1000,10.0,timeout,0.3479,0.2332,0.9075,0.3217,0.4341,0.0583,0,1000,0.3468,0.1877,0.9375,19.7036,0.958
4,4,0,bound,1,trot,0.0,0.0,0.0,True,1000,10.0,timeout,0.3473,0.2515,0.915,0.3197,0.5302,0.0468,0,25,0.3466,0.1842,0.9375,19.7623,1.011
5,0,0,bound,1,trot,0.6,0.0,0.0,True,1000,10.0,timeout,0.3506,0.1904,0.885,0.2925,0.1981,0.0696,31,1,0.3405,0.1084,0.9375,21.2942,0.991
6,1,0,bound,1,trot,0.6,0.0,0.0,True,1000,10.0,timeout,0.346,0.2221,0.9025,0.3145,0.2403,0.0764,0,6,0.3405,0.1084,0.9375,21.2944,1.074
7,2,0,bound,1,trot,0.6,0.0,0.0,True,1000,10.0,timeout,0.3501,0.2115,0.8575,0.2857,0.2715,0.0498,28,0,0.3405,0.1085,0.9375,21.2948,0.978
8,3,0,bound,1,trot,0.6,0.0,0.0,True,1000,10.0,timeout,0.3449,0.2151,0.86,0.3125,0.2367,0.0629,0,7,0.3405,0.1083,0.9375,21.2938,1.224
9,4,0,bound,1,trot,0.6,0.0,0.0,True,1000,10.0,timeout,0.3457,0.2215,0.9,0.3138,0.2331,0.0804,0,6,0.3405,0.1081,0.9375,21.292,1.271
10,0,0,bound,1,trot,1.2,0.0,0.0,True,1000,10.0,timeout,0.3432,0.5438,0.8825,0.3072,0.4735,0.0869,0,0,0.3352,0.3802,0.9225,23.5214,0.971
11,1,0,bound,1,trot,1.2,0.0,0.0,True,1000,10.0,timeout,0.3516,0.4575,0.8625,0.2954,0.6429,0.0741,27,1000,0.335,0.3839,0.925,23.5846,0.974
12,2,0,bound,1,trot,1.2,0.0,0.0,True,1000,10.0,timeout,0.3506,0.4098,0.9025,0.2885,0.5515,0.1318,35,0,0.3346,0.372,0.9187,23.5997,0.978
13,3,0,bound,1,trot,1.2,0.0,0.0,True,1000,10.0,timeout,0.3401,0.3834,0.8125,0.2718,0.6675,0.0716,30,1000,0.3351,0.3808,0.9225,23.5643,1.106
14,4,0,bound,1,trot,1.2,0.0,0.0,True,1000,10.0,timeout,0.3509,0.3997,0.9,0.3006,0.4828,0.1256,34,15,0.3352,0.3802,0.9225,23.5204,0.97
15,0,0,bound,1,trot,0.6,0.2,0.0,True,1000,10.0,timeout,0.3487,0.2318,0.9275,0.3042,0.2103,0.0642,1,0,0.3409,0.1107,0.9375,21.1329,1.032
16,1,0,bound,1,trot,0.6,0.2,0.0,True,1000,10.0,timeout,0.351,0.2001,0.9025,0.303,0.2501,0.0923,33,5,0.3409,0.1108,0.9375,21.1329,0.971
17,2,0,bound,1,trot,0.6,0.2,0.0,True,1000,10.0,timeout,0.3479,0.2356,0.9025,0.3015,0.2941,0.0639,30,5,0.3409,0.1109,0.9375,21.1328,1.049
18,3,0,bound,1,trot,0.6,0.2,0.0,True,1000,10.0,timeout,0.3439,0.2194,0.8575,0.3083,0.2775,0.0676,0,5,0.3409,0.1109,0.9375,21.1328,1.325
19,4,0,bound,1,trot,0.6,0.2,0.0,True,1000,10.0,timeout,0.3462,0.2204,0.8975,0.312,0.1902,0.0557,0,5,0.3409,0.1108,0.9375,21.1328,1.194
20,0,0,bound,2,hop,0.0,0.0,0.0,True,1000,10.0,timeout,0.346,0.2472,0.9175,0.2603,0.4661,0.0693,0,15,0.3135,0.2026,0.8862,24.6311,1.313
21,1,0,bound,2,hop,0.0,0.0,0.0,True,1000,10.0,timeout,0.3485,0.2348,0.9075,0.2567,0.4752,0.0421,0,14,0.3138,0.2032,0.885,24.5746,1.04
22,2,0,bound,2,hop,0.0,0.0,0.0,True,1000,10.0,timeout,0.3481,0.2201,0.91,0.2058,0.3983,0.0606,0,13,0.3136,0.2048,0.89,24.6155,1.102
23,3,0,bound,2,hop,0.0,0.0,0.0,True,1000,10.0,timeout,0.3479,0.2332,0.9075,0.2639,0.4248,0.0469,0,13,0.3138,0.201,0.8875,24.6239,1.104
24,4,0,bound,2,hop,0.0,0.0,0.0,True,1000,10.0,timeout,0.3473,0.2515,0.915,0.2503,0.5302,0.0516,0,15,0.3138,0.2004,0.875,24.5162,1.013
25,0,0,bound,2,hop,0.6,0.0,0.0,True,1000,10.0,timeout,0.3506,0.1904,0.885,0.2692,0.5234,0.0658,58,3,0.3149,0.1631,0.9025,25.0818,1.002
26,1,0,bound,2,hop,0.6,0.0,0.0,True,1000,10.0,timeout,0.346,0.2221,0.9025,0.1986,0.4022,0.077,0,5,0.3147,0.1626,0.9025,25.0012,1.004
27,2,0,bound,2,hop,0.6,0.0,0.0,True,1000,10.0,timeout,0.3501,0.2115,0.8575,0.2573,0.5397,0.0888,57,0,0.3146,0.1624,0.9062,25.1366,1.017
28,3,0,bound,2,hop,0.6,0.0,0.0,True,1000,10.0,timeout,0.3449,0.2151,0.86,0.1997,0.2624,0.0726,0,6,0.3146,0.1608,0.9062,25.1395,1.068
29,4,0,bound,2,hop,0.6,0.0,0.0,True,1000,10.0,timeout,0.3457,0.2215,0.9,0.2255,0.4388,0.0457,0,5,0.3148,0.1611,0.9062,25.123,0.972
30,0,0,bound,2,hop,1.2,0.0,0.0,True,1000,10.0,timeout,0.3432,0.5438,0.8825,0.2527,0.9774,0.1066,0,0,0.3038,0.3128,0.9087,26.6374,0.988
31,1,0,bound,2,hop,1.2,0.0,0.0,True,1000,10.0,timeout,0.3516,0.4575,0.8625,0.2527,0.7654,0.0603,58,192,0.2991,0.2378,0.91,27.8058,0.975
32,2,0,bound,2,hop,1.2,0.0,0.0,True,1000,10.0,timeout,0.3506,0.4098,0.9025,0.2453,0.8628,0.1154,89,0,0.301,0.2626,0.9137,26.7922,0.97
33,3,0,bound,2,hop,1.2,0.0,0.0,True,1000,10.0,timeout,0.3401,0.3834,0.8125,0.2576,0.9542,0.1055,92,426,0.2995,0.2413,0.9125,27.7674,0.981
34,4,0,bound,2,hop,1.2,0.0,0.0,True,1000,10.0,timeout,0.3509,0.3997,0.9,0.2786,0.8904,0.1393,56,366,0.2984,0.2471,0.9038,27.6432,0.975
35,0,0,bound,2,hop,0.6,0.2,0.0,True,1000,10.0,timeout,0.3487,0.2318,0.9275,0.2164,0.439,0.0722,1,0,0.3003,0.0663,0.915,25.0319,0.988
36,1,0,bound,2,hop,0.6,0.2,0.0,True,1000,10.0,timeout,0.351,0.2001,0.9025,0.2725,0.5003,0.0912,56,5,0.2996,0.0708,0.935,26.5091,1.026
37,2,0,bound,2,hop,0.6,0.2,0.0,True,1000,10.0,timeout,0.3479,0.2356,0.9025,0.2593,0.4399,0.0836,58,5,0.3188,0.1592,0.9038,23.5549,0.98
38,3,0,bound,2,hop,0.6,0.2,0.0,True,1000,10.0,timeout,0.3439,0.2194,0.8575,0.2532,0.4085,0.0658,0,4,0.3188,0.1612,0.9,23.3656,0.982
39,4,0,bound,2,hop,0.6,0.2,0.0,True,1000,10.0,timeout,0.3462,0.2204,0.8975,0.2286,0.3787,0.0945,0,4,0.3059,0.0713,0.9187,24.8452,0.974
40,0,0,bound,3,amble,0.0,0.0,0.0,True,1000,10.0,timeout,0.346,0.2472,0.9175,0.2921,0.5555,0.0787,0,48,0.3288,0.2677,0.95,19.346,0.987
41,1,0,bound,3,amble,0.0,0.0,0.0,True,1000,10.0,timeout,0.3485,0.2348,0.9075,0.2978,0.4752,0.0665,0,51,0.3287,0.2674,0.95,19.3425,0.987
42,2,0,bound,3,amble,0.0,0.0,0.0,True,1000,10.0,timeout,0.3481,0.2201,0.91,0.2963,0.5568,0.0565,0,51,0.3288,0.2676,0.95,19.3447,0.988
43,3,0,bound,3,amble,0.0,0.0,0.0,True,1000,10.0,timeout,0.3479,0.2332,0.9075,0.3005,0.4898,0.0624,0,52,0.3288,0.2676,0.95,19.3446,0.983
44,4,0,bound,3,amble,0.0,0.0,0.0,True,1000,10.0,timeout,0.3473,0.2515,0.915,0.2911,0.5533,0.0985,0,50,0.3288,0.2679,0.95,19.348,0.992
45,0,0,bound,3,amble,0.6,0.0,0.0,True,1000,10.0,timeout,0.3506,0.1904,0.885,0.286,0.4247,0.0859,61,1,0.3283,0.0703,0.945,20.7789,1.039
46,1,0,bound,3,amble,0.6,0.0,0.0,True,1000,10.0,timeout,0.346,0.2221,0.9025,0.2989,0.5127,0.0702,0,6,0.3285,0.0683,0.945,20.868,1.057
47,2,0,bound,3,amble,0.6,0.0,0.0,True,1000,10.0,timeout,0.3501,0.2115,0.8575,0.2865,0.7288,0.0442,73,0,0.3285,0.0684,0.945,20.8693,1.0
48,3,0,bound,3,amble,0.6,0.0,0.0,True,1000,10.0,timeout,0.3449,0.2151,0.86,0.2985,0.499,0.0864,0,7,0.3283,0.0703,0.945,20.777,1.02
49,4,0,bound,3,amble,0.6,0.0,0.0,True,1000,10.0,timeout,0.3457,0.2215,0.9,0.2975,0.4968,0.0724,0,6,0.3285,0.0682,0.945,20.8667,0.992
50,0,0,bound,3,amble,1.2,0.0,0.0,True,1000,10.0,timeout,0.3432,0.5438,0.8825,0.2848,0.9627,0.153,0,0,0.3278,0.324,0.935,22.6282,0.984
51,1,0,bound,3,amble,1.2,0.0,0.0,True,1000,10.0,timeout,0.3516,0.4575,0.8625,0.274,1.2915,0.4387,125,1000,0.3277,0.3232,0.935,22.6445,1.014
52,2,0,bound,3,amble,1.2,0.0,0.0,True,1000,10.0,timeout,0.3506,0.4098,0.9025,0.2801,0.9639,0.1321,81,0,0.3278,0.3239,0.9363,22.6073,0.987
53,3,0,bound,3,amble,1.2,0.0,0.0,True,1000,10.0,timeout,0.3401,0.3834,0.8125,0.2716,1.0971,0.0779,65,1000,0.3278,0.3228,0.9337,22.6255,0.986
54,4,0,bound,3,amble,1.2,0.0,0.0,True,1000,10.0,timeout,0.3509,0.3997,0.9,0.2788,1.0089,0.2574,78,1000,0.3279,0.3229,0.9375,22.6192,0.972
55,0,0,bound,3,amble,0.6,0.2,0.0,True,1000,10.0,timeout,0.3487,0.2318,0.9275,0.2963,0.5184,0.0737,1,0,0.3288,0.0671,0.95,20.614,0.975
56,1,0,bound,3,amble,0.6,0.2,0.0,True,1000,10.0,timeout,0.351,0.2001,0.9025,0.2906,0.5067,0.0579,71,5,0.3288,0.0671,0.95,20.6129,0.985
57,2,0,bound,3,amble,0.6,0.2,0.0,True,1000,10.0,timeout,0.3479,0.2356,0.9025,0.2943,0.5132,0.0791,67,6,0.3288,0.0672,0.95,20.6148,0.978
58,3,0,bound,3,amble,0.6,0.2,0.0,True,1000,10.0,timeout,0.3439,0.2194,0.8575,0.2899,0.4777,0.0704,0,6,0.3288,0.067,0.95,20.6118,0.988
59,4,0,bound,3,amble,0.6,0.2,0.0,True,1000,10.0,timeout,0.3462,0.2204,0.8975,0.2985,0.4614,0.0907,0,5,0.3288,0.067,0.95,20.6123,0.992
60,0,0,bound,4,pronk,0.0,0.0,0.0,True,1000,10.0,timeout,0.346,0.2472,0.9175,0.2071,0.4661,0.085,0,22,0.2975,0.3447,0.905,19.6381,0.957
61,1,0,bound,4,pronk,0.0,0.0,0.0,True,1000,10.0,timeout,0.3485,0.2348,0.9075,0.2115,0.4752,0.0502,0,47,0.295,0.3361,0.9113,19.2066,1.024
62,2,0,bound,4,pronk,0.0,0.0,0.0,True,1000,10.0,timeout,0.3481,0.2201,0.91,0.1823,0.3811,0.0684,0,75,0.2995,0.3378,0.9,19.361,0.979
63,3,0,bound,4,pronk,0.0,0.0,0.0,True,1000,10.0,timeout,0.3479,0.2332,0.9075,0.2109,0.4248,0.065,0,37,0.2972,0.3403,0.895,19.5104,0.99
64,4,0,bound,4,pronk,0.0,0.0,0.0,True,1000,10.0,timeout,0.3473,0.2515,0.915,0.2505,0.5302,0.041,0,15,0.2955,0.3437,0.9062,19.7886,0.963
65,0,0,bound,4,pronk,0.6,0.0,0.0,True,1000,10.0,timeout,0.3506,0.1904,0.885,0.2381,0.2691,0.0879,22,4,0.3062,0.168,0.9187,19.3254,0.961
66,1,0,bound,4,pronk,0.6,0.0,0.0,True,1000,10.0,timeout,0.346,0.2221,0.9025,0.1978,0.1913,0.0672,0,5,0.2998,0.1701,0.92,19.9879,0.966
67,2,0,bound,4,pronk,0.6,0.0,0.0,True,1000,10.0,timeout,0.3501,0.2115,0.8575,0.2187,0.6115,0.0438,20,0,0.3058,0.1258,0.9675,19.7641,0.964
68,3,0,bound,4,pronk,0.6,0.0,0.0,True,1000,10.0,timeout,0.3449,0.2151,0.86,0.2203,0.2367,0.0659,0,6,0.3077,0.1423,0.925,19.296,1.011
69,4,0,bound,4,pronk,0.6,0.0,0.0,True,1000,10.0,timeout,0.3457,0.2215,0.9,0.1943,0.2457,0.0525,0,5,0.3029,0.1213,0.9513,19.4546,1.026
70,0,0,bound,4,pronk,1.2,0.0,0.0,True,1000,10.0,timeout,0.3432,0.5438,0.8825,0.2026,0.7354,0.0872,0,0,0.3153,0.2443,0.96,21.2727,0.967
71,1,0,bound,4,pronk,1.2,0.0,0.0,True,1000,10.0,timeout,0.3516,0.4575,0.8625,0.2555,1.5316,0.4572,22,29,0.3168,0.2456,0.96,21.342,0.965
72,2,0,bound,4,pronk,1.2,0.0,0.0,False,497,4.97,fall_phase2,0.3506,0.4098,0.9025,0.235,1.1578,0.606,21,0,nan,nan,nan,nan,0.65
73,3,0,bound,4,pronk,1.2,0.0,0.0,True,1000,10.0,timeout,0.3401,0.3834,0.8125,0.2034,0.8017,0.1173,24,103,0.317,0.2461,0.9587,21.356,0.961
74,4,0,bound,4,pronk,1.2,0.0,0.0,False,498,4.98,fall_phase2,0.3509,0.3997,0.9,0.2294,1.2653,0.4668,21,44,nan,nan,nan,nan,0.646
75,0,0,bound,4,pronk,0.6,0.2,0.0,True,1000,10.0,timeout,0.3487,0.2318,0.9275,0.1946,0.2371,0.0891,1,0,0.3042,0.1234,0.9675,19.751,0.964
76,1,0,bound,4,pronk,0.6,0.2,0.0,True,1000,10.0,timeout,0.351,0.2001,0.9025,0.2317,0.2501,0.0567,21,5,0.3105,0.1525,0.9175,18.9143,1.001
77,2,0,bound,4,pronk,0.6,0.2,0.0,True,1000,10.0,timeout,0.3479,0.2356,0.9025,0.2462,0.4035,0.0605,20,5,0.3085,0.1467,0.925,18.9345,0.966
78,3,0,bound,4,pronk,0.6,0.2,0.0,True,1000,10.0,timeout,0.3439,0.2194,0.8575,0.2554,0.378,0.0676,0,5,0.3033,0.119,0.9563,19.5413,0.962
79,4,0,bound,4,pronk,0.6,0.2,0.0,True,1000,10.0,timeout,0.3462,0.2204,0.8975,0.2003,0.2306,0.0518,0,4,0.3066,0.1256,0.9537,19.3105,0.957
80,0,0,bound,5,limp,0.0,0.0,0.0,True,1000,10.0,timeout,0.346,0.2472,0.9175,0.3088,0.5106,0.108,0,59,0.3411,0.2852,0.9275,24.6162,0.962
81,1,0,bound,5,limp,0.0,0.0,0.0,True,1000,10.0,timeout,0.3485,0.2348,0.9075,0.3273,0.4752,0.0788,0,13,0.3461,0.2638,0.935,24.5707,0.969
82,2,0,bound,5,limp,0.0,0.0,0.0,True,1000,10.0,timeout,0.3481,0.2201,0.91,0.3197,0.4673,0.1006,0,14,0.3456,0.247,0.9213,24.6844,0.973
83,3,0,bound,5,limp,0.0,0.0,0.0,True,1000,10.0,timeout,0.3479,0.2332,0.9075,0.3205,0.4752,0.0985,0,15,0.3458,0.2579,0.9213,24.794,0.97
84,4,0,bound,5,limp,0.0,0.0,0.0,True,1000,10.0,timeout,0.3473,0.2515,0.915,0.298,0.5795,0.1066,0,95,0.3461,0.2552,0.9275,24.8577,0.97
85,0,0,bound,5,limp,0.6,0.0,0.0,True,1000,10.0,timeout,0.3506,0.1904,0.885,0.2973,0.2777,0.0784,14,1,0.3313,0.1224,0.9325,25.9312,0.966
86,1,0,bound,5,limp,0.6,0.0,0.0,True,1000,10.0,timeout,0.346,0.2221,0.9025,0.2962,0.2369,0.088,0,4,0.3335,0.1195,0.9337,25.492,0.972
87,2,0,bound,5,limp,0.6,0.0,0.0,True,1000,10.0,timeout,0.3501,0.2115,0.8575,0.2782,0.3204,0.0763,14,0,0.3334,0.1191,0.9337,25.5448,1.017
88,3,0,bound,5,limp,0.6,0.0,0.0,True,1000,10.0,timeout,0.3449,0.2151,0.86,0.3015,0.2624,0.1015,0,5,0.3313,0.1202,0.9287,25.8758,1.018
89,4,0,bound,5,limp,0.6,0.0,0.0,True,1000,10.0,timeout,0.3457,0.2215,0.9,0.2956,0.24,0.0817,0,4,0.3311,0.1197,0.9225,25.8051,0.979
90,0,0,bound,5,limp,1.2,0.0,0.0,True,1000,10.0,timeout,0.3432,0.5438,0.8825,0.3016,0.5389,0.1231,0,0,0.3339,0.3265,0.9113,26.3286,0.975
91,1,0,bound,5,limp,1.2,0.0,0.0,True,1000,10.0,timeout,0.3516,0.4575,0.8625,0.2659,0.7758,0.1275,15,155,0.3322,0.3373,0.9225,26.3945,0.974
92,2,0,bound,5,limp,1.2,0.0,0.0,True,1000,10.0,timeout,0.3506,0.4098,0.9025,0.2932,0.5557,0.1391,15,0,0.3326,0.2971,0.9387,25.6535,0.979
93,3,0,bound,5,limp,1.2,0.0,0.0,True,1000,10.0,timeout,0.3401,0.3834,0.8125,0.2741,0.726,0.1642,15,200,0.3326,0.3031,0.9337,25.8252,0.971
94,4,0,bound,5,limp,1.2,0.0,0.0,True,1000,10.0,timeout,0.3509,0.3997,0.9,0.2943,0.6994,0.1507,14,162,0.3332,0.2854,0.96,25.3598,1.036
95,0,0,bound,5,limp,0.6,0.2,0.0,True,1000,10.0,timeout,0.3487,0.2318,0.9275,0.297,0.2348,0.0968,1,0,0.3317,0.1218,0.9237,25.7235,0.97
96,1,0,bound,5,limp,0.6,0.2,0.0,True,1000,10.0,timeout,0.351,0.2001,0.9025,0.2983,0.2501,0.0913,12,4,0.3312,0.1205,0.9187,25.7867,0.961
97,2,0,bound,5,limp,0.6,0.2,0.0,True,1000,10.0,timeout,0.3479,0.2356,0.9025,0.3043,0.3027,0.0893,13,4,0.3315,0.1238,0.9213,25.6566,0.97
98,3,0,bound,5,limp,0.6,0.2,0.0,True,1000,10.0,timeout,0.3439,0.2194,0.8575,0.2971,0.2528,0.0878,0,4,0.3338,0.1217,0.9237,25.5133,0.985
99,4,0,bound,5,limp,0.6,0.2,0.0,True,1000,10.0,timeout,0.3462,0.2204,0.8975,0.2978,0.2748,0.0878,0,4,0.3308,0.1204,0.9163,25.8519,0.975
100,0,0,bound,6,stand,0.0,0.0,0.0,True,1000,10.0,timeout,0.346,0.2472,0.9175,0.3105,0.4661,0.0382,0,16,0.31,0.0019,1.0,12.4887,0.918
101,1,0,bound,6,stand,0.0,0.0,0.0,True,1000,10.0,timeout,0.3485,0.2348,0.9075,0.3123,0.4752,0.0133,0,15,0.312,0.0013,1.0,11.8951,0.909
102,2,0,bound,6,stand,0.0,0.0,0.0,True,1000,10.0,timeout,0.3481,0.2201,0.91,0.3108,0.3811,0.0167,0,20,0.3106,0.001,1.0,12.9516,0.915
103,3,0,bound,6,stand,0.0,0.0,0.0,True,1000,10.0,timeout,0.3479,0.2332,0.9075,0.3107,0.4248,0.0155,0,18,0.3104,0.0014,1.0,12.724,0.913
104,4,0,bound,6,stand,0.0,0.0,0.0,True,1000,10.0,timeout,0.3473,0.2515,0.915,0.3108,0.5302,0.0458,0,14,0.3104,0.0019,1.0,12.1919,0.927
105,0,0,bound,6,stand,0.6,0.0,0.0,True,1000,10.0,timeout,0.3506,0.1904,0.885,0.297,0.6972,0.027,14,1,0.3176,0.6021,1.0,11.0388,0.989
106,1,0,bound,6,stand,0.6,0.0,0.0,True,1000,10.0,timeout,0.346,0.2221,0.9025,0.3129,0.648,0.0156,0,4,0.3126,0.6021,1.0,10.8107,0.929
107,2,0,bound,6,stand,0.6,0.0,0.0,False,456,4.56,fall_phase2,0.3501,0.2115,0.8575,0.2897,0.4191,0.7505,15,0,nan,nan,nan,nan,0.613
108,3,0,bound,6,stand,0.6,0.0,0.0,True,1000,10.0,timeout,0.3449,0.2151,0.86,0.3137,0.6212,0.0249,0,5,0.3129,0.6019,1.0,11.0812,0.931
109,4,0,bound,6,stand,0.6,0.0,0.0,True,1000,10.0,timeout,0.3457,0.2215,0.9,0.3116,0.6777,0.0144,0,4,0.3126,0.6022,1.0,10.7104,0.932
110,0,0,bound,6,stand,1.2,0.0,0.0,True,1000,10.0,timeout,0.3432,0.5438,0.8825,0.3101,1.3321,0.06,0,0,0.313,1.2013,1.0,11.0099,0.931
111,1,0,bound,6,stand,1.2,0.0,0.0,True,1000,10.0,timeout,0.3516,0.4575,0.8625,0.3004,1.3313,0.0218,13,1000,0.3142,1.2019,1.0,10.9723,0.955
112,2,0,bound,6,stand,1.2,0.0,0.0,True,1000,10.0,timeout,0.3506,0.4098,0.9025,0.296,1.3203,0.0262,14,0,0.3147,1.2021,1.0,11.1201,0.939
113,3,0,bound,6,stand,1.2,0.0,0.0,True,1000,10.0,timeout,0.3401,0.3834,0.8125,0.2785,1.3283,0.0261,14,1000,0.3194,1.2025,1.0,12.466,0.94
114,4,0,bound,6,stand,1.2,0.0,0.0,True,1000,10.0,timeout,0.3509,0.3997,0.9,0.3053,1.3447,0.0333,13,1000,0.312,1.2025,1.0,11.4841,0.937
115,0,0,bound,6,stand,0.6,0.2,0.0,True,1000,10.0,timeout,0.3487,0.2318,0.9275,0.3127,0.6194,0.0423,1,0,0.313,0.6017,1.0,10.894,0.918
116,1,0,bound,6,stand,0.6,0.2,0.0,True,1000,10.0,timeout,0.351,0.2001,0.9025,0.3102,0.7096,0.035,16,4,0.3123,0.6016,1.0,10.9135,0.996
117,2,0,bound,6,stand,0.6,0.2,0.0,True,1000,10.0,timeout,0.3479,0.2356,0.9025,0.3064,0.7284,0.0492,14,4,0.3133,0.6017,1.0,10.6913,1.006
118,3,0,bound,6,stand,0.6,0.2,0.0,True,1000,10.0,timeout,0.3439,0.2194,0.8575,0.3144,0.619,0.012,0,4,0.3137,0.6014,1.0,11.3549,0.941
119,4,0,bound,6,stand,0.6,0.2,0.0,True,1000,10.0,timeout,0.3462,0.2204,0.8975,0.3137,0.621,0.0221,0,3,0.3121,0.6023,1.0,11.7082,0.94
120,0,0,bound,7,run,0.0,0.0,0.0,True,1000,10.0,timeout,0.346,0.2472,0.9175,0.3127,0.4661,0.092,0,1000,0.3383,0.2884,0.8337,21.0554,0.942
121,1,0,bound,7,run,0.0,0.0,0.0,True,1000,10.0,timeout,0.3485,0.2348,0.9075,0.3098,0.4752,0.0768,0,26,0.3386,0.2962,0.8287,21.1947,0.947
122,2,0,bound,7,run,0.0,0.0,0.0,True,1000,10.0,timeout,0.3481,0.2201,0.91,0.313,0.3811,0.086,0,26,0.3385,0.2939,0.83,21.1211,0.953
123,3,0,bound,7,run,0.0,0.0,0.0,True,1000,10.0,timeout,0.3479,0.2332,0.9075,0.3142,0.4248,0.0775,0,26,0.3375,0.2857,0.8163,21.4001,0.994
124,4,0,bound,7,run,0.0,0.0,0.0,True,1000,10.0,timeout,0.3473,0.2515,0.915,0.3098,0.5302,0.0917,0,27,0.3371,0.296,0.8237,21.2555,0.951
125,0,0,bound,7,run,0.6,0.0,0.0,True,1000,10.0,timeout,0.3506,0.1904,0.885,0.2881,0.3759,0.0658,29,4,0.3381,0.0257,0.8838,21.8522,0.954
126,1,0,bound,7,run,0.6,0.0,0.0,True,1000,10.0,timeout,0.346,0.2221,0.9025,0.3087,0.2525,0.0775,0,7,0.3388,0.0276,0.8875,21.7715,0.949
127,2,0,bound,7,run,0.6,0.0,0.0,True,1000,10.0,timeout,0.3501,0.2115,0.8575,0.2831,0.366,0.0897,41,0,0.3381,0.0247,0.8838,21.8593,0.951
128,3,0,bound,7,run,0.6,0.0,0.0,True,1000,10.0,timeout,0.3449,0.2151,0.86,0.3101,0.2803,0.0811,0,7,0.3383,0.0248,0.885,21.8395,0.994
129,4,0,bound,7,run,0.6,0.0,0.0,True,1000,10.0,timeout,0.3457,0.2215,0.9,0.3074,0.2184,0.083,0,7,0.3378,0.0243,0.8838,21.8795,0.984
130,0,0,bound,7,run,1.2,0.0,0.0,True,1000,10.0,timeout,0.3432,0.5438,0.8825,0.2964,0.6071,0.0747,0,0,0.3332,0.3147,0.8912,23.0989,0.985
131,1,0,bound,7,run,1.2,0.0,0.0,True,1000,10.0,timeout,0.3516,0.4575,0.8625,0.2889,0.4718,0.076,63,1000,0.3331,0.3158,0.8912,23.1157,0.941
132,2,0,bound,7,run,1.2,0.0,0.0,True,1000,10.0,timeout,0.3506,0.4098,0.9025,0.2795,0.6183,0.0928,54,0,0.3321,0.3172,0.8938,23.1305,0.95
133,3,0,bound,7,run,1.2,0.0,0.0,True,1000,10.0,timeout,0.3401,0.3834,0.8125,0.2653,0.6731,0.0802,40,1000,0.3332,0.3135,0.8912,23.1238,0.953
134,4,0,bound,7,run,1.2,0.0,0.0,True,1000,10.0,timeout,0.3509,0.3997,0.9,0.2907,0.5361,0.0869,57,1000,0.3322,0.3145,0.8912,23.3846,0.941
135,0,0,bound,7,run,0.6,0.2,0.0,True,1000,10.0,timeout,0.3487,0.2318,0.9275,0.303,0.2777,0.1101,1,0,0.3381,0.0275,0.8838,21.7805,0.94
136,1,0,bound,7,run,0.6,0.2,0.0,True,1000,10.0,timeout,0.351,0.2001,0.9025,0.3002,0.2847,0.0668,50,6,0.3382,0.0326,0.8825,21.8163,0.94
137,2,0,bound,7,run,0.6,0.2,0.0,True,1000,10.0,timeout,0.3479,0.2356,0.9025,0.2951,0.322,0.0544,22,6,0.3381,0.031,0.8825,21.8139,0.954
138,3,0,bound,7,run,0.6,0.2,0.0,True,1000,10.0,timeout,0.3439,0.2194,0.8575,0.2995,0.2934,0.0727,0,6,0.3379,0.0302,0.8825,21.8211,0.953
139,4,0,bound,7,run,0.6,0.2,0.0,True,1000,10.0,timeout,0.3462,0.2204,0.8975,0.3024,0.2455,0.0719,0,6,0.338,0.0291,0.8838,21.8522,0.951
140,0,1,trot,0,bound,0.0,0.0,0.0,True,1000,10.0,timeout,0.3468,0.1786,0.94,0.3064,0.6762,0.0514,0,4,0.3453,0.2241,0.9075,27.3422,0.991
141,1,1,trot,0,bound,0.0,0.0,0.0,True,1000,10.0,timeout,0.3468,0.1786,0.94,0.3064,0.676,0.0514,0,4,0.3453,0.2292,0.905,26.6053,0.958
142,2,1,trot,0,bound,0.0,0.0,0.0,True,1000,10.0,timeout,0.3468,0.1786,0.94,0.3064,0.6759,0.0514,0,4,0.3453,0.2287,0.9038,26.6041,0.96
143,3,1,trot,0,bound,0.0,0.0,0.0,True,1000,10.0,timeout,0.3468,0.1786,0.94,0.3064,0.676,0.0514,0,4,0.3453,0.2249,0.8975,26.6336,1.019
144,4,1,trot,0,bound,0.0,0.0,0.0,True,1000,10.0,timeout,0.3468,0.1787,0.94,0.3064,0.6765,0.0514,0,4,0.3437,0.2308,0.9062,26.7169,0.959
145,0,1,trot,0,bound,0.6,0.0,0.0,True,1000,10.0,timeout,0.341,0.1077,0.9425,0.3153,0.5569,0.0478,0,0,0.3416,0.2177,0.8562,26.2317,0.957
146,1,1,trot,0,bound,0.6,0.0,0.0,True,1000,10.0,timeout,0.341,0.1085,0.9425,0.3147,0.5621,0.0485,0,0,0.3438,0.2201,0.8812,26.3533,1.0
147,2,1,trot,0,bound,0.6,0.0,0.0,True,1000,10.0,timeout,0.341,0.1086,0.9425,0.3147,0.5616,0.0484,0,0,0.3437,0.2311,0.855,26.0756,0.961
148,3,1,trot,0,bound,0.6,0.0,0.0,True,1000,10.0,timeout,0.341,0.1077,0.9425,0.3153,0.5567,0.0478,0,0,0.3446,0.227,0.8912,26.5947,0.958
149,4,1,trot,0,bound,0.6,0.0,0.0,True,1000,10.0,timeout,0.341,0.107,0.9425,0.3151,0.5578,0.0477,0,0,0.3444,0.2179,0.8875,25.9218,0.961
150,0,1,trot,0,bound,1.2,0.0,0.0,True,1000,10.0,timeout,0.3348,0.3802,0.9275,0.2768,0.9785,0.0681,0,397,0.338,0.5246,0.835,25.5802,0.968
151,1,1,trot,0,bound,1.2,0.0,0.0,True,1000,10.0,timeout,0.3348,0.3802,0.9275,0.2759,0.9786,0.0681,0,360,0.344,0.479,0.8762,26.5024,0.961
152,2,1,trot,0,bound,1.2,0.0,0.0,True,1000,10.0,timeout,0.3348,0.3802,0.9275,0.2826,0.9788,0.0681,0,104,0.3387,0.4927,0.865,27.5053,0.968
153,3,1,trot,0,bound,1.2,0.0,0.0,True,1000,10.0,timeout,0.3348,0.3802,0.9275,0.2758,0.9786,0.0681,0,357,0.347,0.4707,0.9038,26.987,0.959
154,4,1,trot,0,bound,1.2,0.0,0.0,True,1000,10.0,timeout,0.3351,0.3812,0.925,0.2812,0.9867,0.0677,0,113,0.3447,0.4669,0.8812,26.8907,1.005
155,0,1,trot,0,bound,0.6,0.2,0.0,True,1000,10.0,timeout,0.3415,0.1093,0.9425,0.3056,0.5867,0.0439,0,0,0.3463,0.2232,0.8938,26.7881,0.973
156,1,1,trot,0,bound,0.6,0.2,0.0,True,1000,10.0,timeout,0.3415,0.1094,0.9425,0.2997,0.5866,0.0438,0,0,0.3403,0.2372,0.8762,26.8303,0.959
157,2,1,trot,0,bound,0.6,0.2,0.0,True,1000,10.0,timeout,0.3415,0.1103,0.9425,0.3052,0.5878,0.0449,0,0,0.3458,0.2167,0.875,26.5544,0.956
158,3,1,trot,0,bound,0.6,0.2,0.0,True,1000,10.0,timeout,0.3415,0.1094,0.9425,0.2996,0.5866,0.0438,0,0,0.3419,0.2223,0.8538,26.5191,0.964
159,4,1,trot,0,bound,0.6,0.2,0.0,True,1000,10.0,timeout,0.3415,0.1093,0.9425,0.3052,0.587,0.0439,0,0,0.3467,0.2199,0.9,26.4444,1.021
160,0,1,trot,2,hop,0.0,0.0,0.0,True,1000,10.0,timeout,0.3468,0.1786,0.94,0.2233,0.4713,0.1082,0,20,0.3137,0.204,0.8925,24.6019,0.973
161,1,1,trot,2,hop,0.0,0.0,0.0,True,1000,10.0,timeout,0.3468,0.1786,0.94,0.2234,0.4716,0.1083,0,20,0.3135,0.2028,0.885,24.5642,0.971
162,2,1,trot,2,hop,0.0,0.0,0.0,True,1000,10.0,timeout,0.3468,0.1786,0.94,0.2234,0.472,0.1084,0,20,0.3137,0.2035,0.8888,24.6398,1.002
163,3,1,trot,2,hop,0.0,0.0,0.0,True,1000,10.0,timeout,0.3468,0.1786,0.94,0.2233,0.4715,0.1083,0,20,0.3135,0.2028,0.885,24.5638,1.049
164,4,1,trot,2,hop,0.0,0.0,0.0,True,1000,10.0,timeout,0.3468,0.1787,0.94,0.2233,0.4708,0.1074,0,20,0.3137,0.205,0.89,24.6903,0.973
165,0,1,trot,2,hop,0.6,0.0,0.0,True,1000,10.0,timeout,0.341,0.1077,0.9425,0.2195,0.3709,0.1046,0,0,0.2998,0.069,0.9313,26.1009,0.973
166,1,1,trot,2,hop,0.6,0.0,0.0,True,1000,10.0,timeout,0.341,0.1085,0.9425,0.2245,0.3822,0.0999,0,0,0.3067,0.071,0.9113,24.0391,1.007
167,2,1,trot,2,hop,0.6,0.0,0.0,True,1000,10.0,timeout,0.341,0.1086,0.9425,0.2302,0.3823,0.0924,0,0,0.3142,0.1162,0.9137,24.13,0.983
168,3,1,trot,2,hop,0.6,0.0,0.0,True,1000,10.0,timeout,0.341,0.1077,0.9425,0.2195,0.3709,0.1045,0,0,0.314,0.1636,0.9038,25.1953,0.98
169,4,1,trot,2,hop,0.6,0.0,0.0,True,1000,10.0,timeout,0.341,0.107,0.9425,0.2182,0.3707,0.104,0,0,0.2997,0.0687,0.9313,26.0558,0.978
170,0,1,trot,2,hop,1.2,0.0,0.0,True,1000,10.0,timeout,0.3348,0.3802,0.9275,0.2134,0.7841,0.0635,0,457,0.2996,0.2344,0.9163,27.8741,0.974
171,1,1,trot,2,hop,1.2,0.0,0.0,True,1000,10.0,timeout,0.3348,0.3802,0.9275,0.2167,0.7846,0.0635,0,1000,0.2999,0.2623,0.91,27.1276,0.992
172,2,1,trot,2,hop,1.2,0.0,0.0,True,1000,10.0,timeout,0.3348,0.3802,0.9275,0.2147,0.7852,0.0636,0,576,0.2996,0.2646,0.9087,27.4841,0.971
173,3,1,trot,2,hop,1.2,0.0,0.0,True,1000,10.0,timeout,0.3348,0.3802,0.9275,0.2167,0.7846,0.0635,0,1000,0.2988,0.2647,0.915,27.3423,0.975
174,4,1,trot,2,hop,1.2,0.0,0.0,True,1000,10.0,timeout,0.3351,0.3812,0.925,0.2247,0.7231,0.1124,0,102,0.3035,0.2881,0.91,26.1111,0.971
175,0,1,trot,2,hop,0.6,0.2,0.0,True,1000,10.0,timeout,0.3415,0.1093,0.9425,0.2219,0.4057,0.1195,0,0,0.2995,0.0701,0.9325,26.5736,0.996
176,1,1,trot,2,hop,0.6,0.2,0.0,True,1000,10.0,timeout,0.3415,0.1094,0.9425,0.2219,0.4058,0.1188,0,0,0.3038,0.0711,0.9175,25.0257,0.98
177,2,1,trot,2,hop,0.6,0.2,0.0,True,1000,10.0,timeout,0.3415,0.1103,0.9425,0.225,0.4047,0.1196,0,0,0.3193,0.1594,0.8988,23.3797,0.974
178,3,1,trot,2,hop,0.6,0.2,0.0,True,1000,10.0,timeout,0.3415,0.1094,0.9425,0.2219,0.4057,0.1189,0,0,0.3189,0.1608,0.9,23.4059,0.969
179,4,1,trot,2,hop,0.6,0.2,0.0,True,1000,10.0,timeout,0.3415,0.1093,0.9425,0.2221,0.4055,0.1094,0,0,0.3187,0.1594,0.9,23.4812,1.011
180,0,1,trot,3,amble,0.0,0.0,0.0,True,1000,10.0,timeout,0.3468,0.1786,0.94,0.3018,0.5595,0.0542,0,1000,0.3287,0.2672,0.95,19.3408,0.991
181,1,1,trot,3,amble,0.0,0.0,0.0,True,1000,10.0,timeout,0.3468,0.1786,0.94,0.3018,0.5595,0.0542,0,1000,0.3287,0.2672,0.95,19.3402,1.023
182,2,1,trot,3,amble,0.0,0.0,0.0,True,1000,10.0,timeout,0.3468,0.1786,0.94,0.3018,0.5596,0.0542,0,1000,0.3287,0.2671,0.95,19.3397,0.982
183,3,1,trot,3,amble,0.0,0.0,0.0,True,1000,10.0,timeout,0.3468,0.1786,0.94,0.3018,0.5595,0.0542,0,1000,0.3287,0.2672,0.95,19.3404,0.983
184,4,1,trot,3,amble,0.0,0.0,0.0,True,1000,10.0,timeout,0.3468,0.1787,0.94,0.3018,0.5595,0.0542,0,1000,0.3287,0.2673,0.95,19.3416,1.012
185,0,1,trot,3,amble,0.6,0.0,0.0,True,1000,10.0,timeout,0.341,0.1077,0.9425,0.3081,0.2606,0.057,0,0,0.3283,0.0702,0.945,20.777,0.99
186,1,1,trot,3,amble,0.6,0.0,0.0,True,1000,10.0,timeout,0.341,0.1085,0.9425,0.3077,0.2637,0.057,0,0,0.3283,0.0702,0.945,20.7788,0.992
187,2,1,trot,3,amble,0.6,0.0,0.0,True,1000,10.0,timeout,0.341,0.1086,0.9425,0.3078,0.2636,0.057,0,0,0.3283,0.0702,0.945,20.7789,0.993
188,3,1,trot,3,amble,0.6,0.0,0.0,True,1000,10.0,timeout,0.341,0.1077,0.9425,0.3072,0.2542,0.0574,0,0,0.3283,0.0702,0.945,20.7767,0.999
189,4,1,trot,3,amble,0.6,0.0,0.0,True,1000,10.0,timeout,0.341,0.107,0.9425,0.3076,0.2687,0.0572,0,0,0.3283,0.0701,0.945,20.7785,0.993
190,0,1,trot,3,amble,1.2,0.0,0.0,True,1000,10.0,timeout,0.3348,0.3802,0.9275,0.3025,0.8632,0.0807,0,1000,0.328,0.3212,0.9375,22.7326,0.991
191,1,1,trot,3,amble,1.2,0.0,0.0,True,1000,10.0,timeout,0.3348,0.3802,0.9275,0.3025,0.863,0.0806,0,1000,0.328,0.3211,0.9375,22.7338,1.037
192,2,1,trot,3,amble,1.2,0.0,0.0,True,1000,10.0,timeout,0.3348,0.3802,0.9275,0.3026,0.864,0.0806,0,1000,0.328,0.3179,0.94,22.6719,0.994
193,3,1,trot,3,amble,1.2,0.0,0.0,True,1000,10.0,timeout,0.3348,0.3802,0.9275,0.3025,0.863,0.0806,0,1000,0.328,0.3211,0.9375,22.7338,1.031
194,4,1,trot,3,amble,1.2,0.0,0.0,True,1000,10.0,timeout,0.3351,0.3812,0.925,0.3012,0.9424,0.084,0,1000,0.3279,0.3185,0.94,22.7379,0.999
195,0,1,trot,3,amble,0.6,0.2,0.0,True,1000,10.0,timeout,0.3415,0.1093,0.9425,0.3066,0.2588,0.0558,0,0,0.3289,0.067,0.95,20.6078,1.037
196,1,1,trot,3,amble,0.6,0.2,0.0,True,1000,10.0,timeout,0.3415,0.1094,0.9425,0.3073,0.2745,0.0553,0,0,0.3289,0.067,0.95,20.6089,1.025
197,2,1,trot,3,amble,0.6,0.2,0.0,True,1000,10.0,timeout,0.3415,0.1103,0.9425,0.307,0.2694,0.0574,0,0,0.3289,0.067,0.95,20.6112,0.984
198,3,1,trot,3,amble,0.6,0.2,0.0,True,1000,10.0,timeout,0.3415,0.1094,0.9425,0.3073,0.2646,0.0554,0,0,0.3287,0.0681,0.9475,20.5616,1.063
199,4,1,trot,3,amble,0.6,0.2,0.0,True,1000,10.0,timeout,0.3415,0.1093,0.9425,0.3073,0.2786,0.0548,0,0,0.3289,0.0669,0.95,20.6071,0.995
200,0,1,trot,4,pronk,0.0,0.0,0.0,True,1000,10.0,timeout,0.3468,0.1786,0.94,0.1889,0.4176,0.1138,0,28,0.2975,0.3433,0.9062,19.3726,0.98
201,1,1,trot,4,pronk,0.0,0.0,0.0,True,1000,10.0,timeout,0.3468,0.1786,0.94,0.1889,0.4175,0.1138,0,28,0.2964,0.3398,0.9012,19.3709,0.98
202,2,1,trot,4,pronk,0.0,0.0,0.0,True,1000,10.0,timeout,0.3468,0.1786,0.94,0.1889,0.4046,0.1139,0,28,0.2993,0.3337,0.915,19.0629,1.017
203,3,1,trot,4,pronk,0.0,0.0,0.0,True,1000,10.0,timeout,0.3468,0.1786,0.94,0.1889,0.4175,0.1138,0,28,0.2976,0.342,0.8975,19.4164,1.012
204,4,1,trot,4,pronk,0.0,0.0,0.0,True,1000,10.0,timeout,0.3468,0.1787,0.94,0.1889,0.4195,0.1136,0,28,0.2983,0.3323,0.91,19.0438,0.973
205,0,1,trot,4,pronk,0.6,0.0,0.0,True,1000,10.0,timeout,0.341,0.1077,0.9425,0.1972,0.2036,0.105,0,0,0.3056,0.1249,0.9475,19.4817,0.973
206,1,1,trot,4,pronk,0.6,0.0,0.0,True,1000,10.0,timeout,0.341,0.1085,0.9425,0.2031,0.2017,0.1032,0,0,0.3042,0.1315,0.9387,19.3367,0.971
207,2,1,trot,4,pronk,0.6,0.0,0.0,True,1000,10.0,timeout,0.341,0.1086,0.9425,0.2067,0.2018,0.108,0,0,0.3034,0.1585,0.925,19.5358,0.976
208,3,1,trot,4,pronk,0.6,0.0,0.0,True,1000,10.0,timeout,0.341,0.1077,0.9425,0.1951,0.2037,0.104,0,0,0.3073,0.1417,0.925,19.186,1.006
209,4,1,trot,4,pronk,0.6,0.0,0.0,True,1000,10.0,timeout,0.341,0.107,0.9425,0.2094,0.2029,0.1079,0,0,0.303,0.167,0.9263,19.4186,1.037
210,0,1,trot,4,pronk,1.2,0.0,0.0,True,1000,10.0,timeout,0.3348,0.3802,0.9275,0.1961,0.7787,0.117,0,52,0.3166,0.2417,0.955,21.4191,0.975
211,1,1,trot,4,pronk,1.2,0.0,0.0,True,1000,10.0,timeout,0.3348,0.3802,0.9275,0.1973,0.7775,0.0865,0,52,0.3173,0.2431,0.9575,21.5372,0.971
212,2,1,trot,4,pronk,1.2,0.0,0.0,True,1000,10.0,timeout,0.3348,0.3802,0.9275,0.1973,0.7774,0.0864,0,52,0.3179,0.2439,0.9575,21.4881,1.07
213,3,1,trot,4,pronk,1.2,0.0,0.0,True,1000,10.0,timeout,0.3348,0.3802,0.9275,0.1973,0.7775,0.0866,0,52,0.3173,0.2431,0.9575,21.5371,1.011
214,4,1,trot,4,pronk,1.2,0.0,0.0,True,1000,10.0,timeout,0.3351,0.3812,0.925,0.2032,0.6948,0.0755,0,52,0.3162,0.2427,0.9587,21.4732,1.019
215,0,1,trot,4,pronk,0.6,0.2,0.0,True,1000,10.0,timeout,0.3415,0.1093,0.9425,0.1922,0.1982,0.1062,0,0,0.3028,0.1727,0.9187,19.2609,1.039
